user_id,username,email,password_hash,country,registration_date,birth_date
1,migumurph1,miguel1@icloud.com,5b40aa2bc1fa1383d19552ace75eb4564dfcfef1cc514503cbe2dbc911286e41,France,2020-11-25,1987-06-16
2,ebersmith2,eberechi2@gmail.com,2bf8ecd56363d5b66d63e2d8b169720bf15f50d4fb515798edd57c851a65098d,Argentina,2022-08-23,1996-12-04
3,conothoma3,conor3@gmail.com,c4654e91adae298a39be7e3ce639fab7c0c4a5cfc2f5e4fd91de754e60a60eaa,Mexico,2021-03-30,1986-08-20
4,oscatonal4,oscar4@gmail.com,9bae218efc3e1b0e2c55aa97c4c1a72a7e57b4bd895423754e51363252c9ef08,Romania,2022-03-31,1997-07-17
5,danihaver5,daniel5@hotmail.com,85669a3107ce4046e014a231f4f9cfc8acb706f1f86ec9942c89d53600c57f30,France,2020-12-24,1998-09-21
6,serglinde6,serge6@gmail.com,cc2be08bd94fd1728a6f58675213e505766b01ac5b9011b3802a5126d01f4bae,Australia,2022-11-27,1982-10-30
7,rahejones7,raheem7@protonmail.com,e3db1a66dbcff5967a6e43d203bcec4b45911ab65120b36ac921242c92a070e6,Greece,2022-11-22,2001-05-01
8,trenmurph8,trent8@yahoo.com,fd151d13ac3d17ad5c55575f689a540018bcdafcf1093f9fa3b8abcd34948f88,Germany,2022-01-06,1980-09-24
9,danismith9,daniel9@yahoo.com,88c689229c118efebed1c83091868b98338ac1c1a3dfb6cfc7f06d4f21e916bc,Netherlands,2021-07-19,1987-12-02
10,patrmcate10,patrick10@outlook.com,83031e3f50165e8858040187dded1d8de85664715ae66b033dbc28080540cbf4,Turkey,2023-04-15,1978-12-26
11,alexjohns11,alex11@icloud.com,8d297b482a2120da548765a055b4194ce602d67f5fc11ac4bedc3c953681def8,Italy,2020-07-03,1994-08-27
12,bruncalve12,bruno12@protonmail.com,b5213fad9cbc7af70f88f9f8ec13a688c1380a44e3960a48b82f77b3d300faf5,Poland,2021-12-12,1982-05-28
13,kyletonal13,kyle13@yahoo.com,cd6798e9861b6fb68380c5567e30271121fac0228ac7b2d2e9fe0c42d4faf895,Egypt,2022-04-07,1995-10-16
14,jameward-14,james14@yahoo.com,4c7dff09baaeb85b2e13f17b3a37b506358b0b5fad645ad21b55438049cd35ec,Nigeria,2022-11-02,1974-10-11
15,rafaander15,rafael15@protonmail.com,8ba4baf3460eae770112db23a722195e50eb68a855045754ffc96c728432db0f,Chile,2021-11-27,1975-04-02
16,matttross16,matteo16@hotmail.com,0f9a50b43ea2c96c934f6f53a3744c941a45290429450e3e03b3b4af235c56e5,Russia,2023-03-23,1981-03-22
17,lautlinde17,lautaro17@outlook.com,f564b1fd96a222e7dfadb1b42bd2f1d62fc4ea09d58ceb38ec866ec709fd9089,Morocco,2021-05-13,1985-03-28
18,santdalot18,santiago18@icloud.com,622bb62e1a286612d10938180438b741614bd6182bd399a9ae6b9bd7c718e687,Egypt,2023-04-16,1971-03-25
19,antojacks19,antoine19@hotmail.com,fac0a868b7d2ca3e5185f8eac25f51526e6b0b0837cb2e18c9fd87a4efd7157d,Italy,2022-02-22,1998-06-04
20,lorerice20,lorenzo20@icloud.com,2538abf0951c5ce9d17a0f120913a752be0a839514d0cfc579baea3045241fac,South Korea,2021-10-08,1988-07-02
21,patrhaver21,patrick21@protonmail.com,53c12be278633ac812161bc19e01dd1805b4b45a98fb92dfa8baeee1a078dee7,England,2021-06-23,1981-02-19
22,brunthoma22,bruno22@outlook.com,415574a6eafd4bd026dbf5ce038cc7accbd6372c8e54c7a35c572379be66b3c3,Denmark,2020-06-04,1994-11-16
23,kaigarna23,kai23@hotmail.com,8f61f28dd4302d6e0638ceb5da3657d5e811ddc8b1c3c3b695f5ddefd2dae291,Poland,2021-03-23,1995-09-26
24,philwalke24,phil24@icloud.com,fba3335f36037ce124a09cc329a06469b8b79aa8e3d4d4f70de642b696da543e,Australia,2022-10-18,1978-12-16
25,aarobrant25,aaron25@yahoo.com,9ed3f63abeb26e96ebc9aeaa4350d8b55bc99c311e79135390310940d69d512d,Mexico,2021-02-27,1980-04-13
26,bukacruz26,bukayo26@yahoo.com,068ed3fe829bce44dc923eef1cba3d3befac3f51c826f5c1eb81c6e552952923,Poland,2020-11-15,1974-10-14
27,masotaylo27,mason27@icloud.com,ddecd4bdfc086917dd89b591934d10c5b90910b32bc2beffcb3e451cb8ca59a3,Israel,2023-06-11,1970-04-19
28,renapope28,renato28@gmail.com,1505638b0a028b8b1b3af1d782f968484d18c87a99468d03182a74666ab6b8e5,Morocco,2022-01-30,1997-11-04
29,callgabri29,callum29@protonmail.com,2f9458dbfe8fab19a6f273ebb15c33db388ba94d6a64faa21b00abebe288976b,Colombia,2022-10-02,1978-03-16
30,renatross30,renato30@hotmail.com,5a12691e6e9154a9feec57f79980fd383d02231779f25310a8891a3ebd8e93fa,Turkey,2021-03-30,1995-11-14
31,lucamille31,lucas31@protonmail.com,4d02862e5713006d6a07a66f618a2c8b246f5e90a569cd0f3c7a33fa4bdbc811,Ghana,2022-09-06,1994-04-04
32,jackzinch32,jack32@hotmail.com,fb3a36666715edadd6359d4cb7a9390126ec1d1e620db4e2098a8d91bb80ea53,Turkey,2020-12-23,1990-07-05
33,masokeane33,mason33@protonmail.com,bbddf0b191e67574c10512f188f7a938f9beaa0b8aae6909efc3f1a0bbfca810,Egypt,2021-10-08,2000-12-01
34,olivjohns34,oliver34@icloud.com,fe3d7e7b87eb57b9eb4932bbf2fa036c19bcf0abec8646be52c85c49a064ca9d,Japan,2022-02-16,1996-01-24
35,henrhende35,henry35@hotmail.com,bda3e42f138c707a5cf300bfd73c3ece109b65f6fbcfa468f96b060eb0cbc706,Mexico,2021-01-18,1994-08-10
36,kevimount36,kevin36@hotmail.com,0abfb5def75609588f09877273b31229b6e1ac3992b12057a0df8e8d1fc959b0,Morocco,2023-06-09,1985-05-23
37,nicowalke37,nicolas37@outlook.com,510d11273d3156997b0c89a267def97ea294fe83ccb3bc61c6879aeab6c5311a,Ghana,2021-03-07,1988-10-19
38,julitarko38,julian38@hotmail.com,eccabf56b9005e20171f2612a05e83c59f9fe099c35a9c872ce7ab3538175728,Czech Republic,2022-03-31,1982-07-18
39,curtwalke39,curtis39@protonmail.com,065af17f0b9e1c8e865088c675bb5bf00817a10dbb149d9dd909b8ff75e7f3be,Brazil,2023-03-25,2000-10-09
40,trentorre40,trent40@gmail.com,dd2dc64ee81d5330749af9e6332be6995058a7456e8f89536043f7bb86e075f2,Colombia,2021-04-27,1994-11-29
41,conoeders41,conor41@yahoo.com,ec6d6344a0b5ee9bbabc10a1b34a39bb6e984dfa55628a61e77b06079c58d047,Argentina,2020-11-02,1991-03-21
42,antojohns42,antonio42@yahoo.com,b503868126ed7dcc778615f768ac5e63bbaf42e9a37fde4509ea1ac4cdc4a3b8,Nigeria,2022-10-20,1976-01-13
43,lucapedro43,luca43@protonmail.com,6bca6b856b257e6c729759dac856045dd4055e060d64889fbd2870487a62f91b,Russia,2021-10-08,1991-10-30
44,rasmson44,rasmus44@protonmail.com,569219c734b6b419fc97693daf88d7e05ee7ffe3d41afeb15dbc795bd18e5df3,France,2022-03-26,1974-06-10
45,lauthaala45,lautaro45@gmail.com,04a3548d8215947a71038a91ca4c31da5ae05e7e1cb5d5e8f7f7bf739f535f82,Japan,2021-06-04,1991-05-18
46,andrpedro46,andrea46@gmail.com,ce2415537f95c78b96e2e26d84518d52fc50dc0da6806eb71b7140ac6f516d32,South Africa,2021-11-16,1981-08-27
47,nicogomez47,nicolas47@protonmail.com,d79600938f60b8e86ac2d15f74b7300790aefa7fdc16e61ff0b2176417b9eee7,Mexico,2021-12-05,1970-11-21
48,ryanthomp48,ryan48@hotmail.com,1780aee72deff1d7dd33f071fb0f0bb9d3844ac04c50d9ab62374a2e1c793315,Australia,2023-03-27,1995-11-01
49,danivaran49,daniel49@protonmail.com,7f5169d0c951e66bd5ff1ee332b63da21c60d5af48e89d092dd50380adb32368,Canada,2021-08-05,1985-12-06
50,billbobb50,billy50@protonmail.com,c40ee68896c3372babad4c10199880e6a7162d02a41e58ca8df70800b620e2a1,Israel,2022-07-04,1973-07-08
51,domimurph51,dominic51@hotmail.com,74f132b6edf1dfbd6a2afec9f7ace546363ceca21a8b8c931c0d983afe8b62ad,Egypt,2023-07-17,1976-07-01
52,adamneto52,adam52@hotmail.com,9784e078bedc4711a86e6c8dabe6585a49c3844e16f0914013d0e5363622535f,Nigeria,2023-07-16,1997-06-20
53,ousmakanj53,ousmane53@gmail.com,1532e5080daf16753c4b679529ec2c31d386b4b28861471909ff648b5a19833c,Netherlands,2020-11-27,1985-05-31
54,trenrober54,trent54@hotmail.com,9a2ff2b3daf46b0a373c271c65df9a3e1059ba983d132c8deaabf84650277b8f,Chile,2021-07-01,1997-02-26
55,michstone55,michael55@hotmail.com,fa729e104e8229b403fd001872d4d76c2a71281c066c8c2d87f237df7b5005ee,South Africa,2022-01-13,1996-04-30
56,alexevans56,alex56@outlook.com,359ce45991bda0d5154fc9d8dc7c0920a36c42970be4a24215321227f12df482,USA,2021-01-11,1971-01-14
57,lucadouco57,lucas57@yahoo.com,b5fa72f6d583d819c5dc092cda3029a88dab833027af882a31a2e59a6f896f3b,Mexico,2020-06-12,1979-06-13
58,adamstone58,adam58@gmail.com,51c7a73f80b78c8448da595ee26b396f47bfe3821c52bb57b583946618eb5409,Belgium,2020-05-10,1991-03-24
59,migumille59,miguel59@gmail.com,9a70efdedd6a7f08a8220227a11742a8c5f1b9b676cb74e543790f1678461e0d,Turkey,2022-12-09,1973-09-25
60,leoward-60,leo60@protonmail.com,21af18746cb42d14bcac55d473fe4c4fa493643bb94b805b4f8e4a4047974e89,Argentina,2020-06-21,1999-05-17
61,darwdier61,darwin61@yahoo.com,e5bd68ef8672b59387bd1acc8d8871c5253b03e6f6fd63c32de94879f5dfac86,India,2021-08-04,1989-11-17
62,leonwhite62,leon62@yahoo.com,d0e6fad3d1e03070a097e0b99a9660f0a551d01c0f263b57568fa944f917c96a,Ukraine,2020-12-15,1971-04-14
63,jacksanch63,jack63@hotmail.com,3caf7124a1774112a30732829dfa88ea58af6a1fbb16e6ac89f3e0f0a759062b,Norway,2022-09-02,1990-12-16
64,carltripp64,carlos64@protonmail.com,9298d9b92764a0d5a4ca35548b566ba0ce1332724247ec0471b9d50e4df5238e,South Africa,2020-10-03,2001-04-17
65,carlsilva65,carlos65@protonmail.com,74829786914f0d89478efb0b41ee8f9e68befa5365252ce5c2c5dd540cfef802,Egypt,2023-07-16,1998-07-10
66,kylifoden66,kylian66@protonmail.com,021b504744127d6b0059f84f1edaeaebd85b0ce15dfa20fef815c2305945ef7d,Russia,2021-09-26,1985-07-29
67,antopope67,antoine67@yahoo.com,95903eb7ee27901b20160a6077ca9b0a4450180b746e661f85fe49da0c0752d9,Netherlands,2022-06-23,1983-10-24
68,nicogvard68,nicolas68@hotmail.com,65b444c2e586fddfb360013c8c8bf3662516b57e6136a893e45474eb486e1e8d,Argentina,2021-09-13,1970-06-22
69,jamehaver69,james69@yahoo.com,b014bcdc3d8741aba3e9f6bcc907dd23f5118965d2a1f75bec3fc4ce21d54219,Poland,2021-08-10,1991-01-18
70,fernjohns70,fernando70@icloud.com,4ccf6e5b7e7268a7a60636158d45143f5afd3213a7e20e53b7f2dd2cde6a6f78,Israel,2022-09-04,1983-06-10
71,olivmarti71,oliver71@outlook.com,cdb1ea530e494bc24a62706a49b1eb1d2f2c33fd2d894d7a489ecb7b7524ae90,Chile,2023-05-07,1980-05-16
72,fedesmith72,federico72@protonmail.com,0cfb845e7671ba64f27c4c18290e226e8534cbf2bc4bf1f1dca888459695d498,Czech Republic,2021-01-21,1988-06-20
73,rafafoden73,rafael73@outlook.com,c54aae167904ce337c2ad1b7159f03c1a6c5a6a2849bde77fb090b41d936f344,India,2020-11-30,2002-01-26
74,bernonana74,bernardo74@outlook.com,d772ee947cdd4094a7e4eaaf851abc8c488c45be7ff21e642ce2aafa0d07c8b1,Romania,2021-03-27,1981-10-18
75,oscadoku75,oscar75@icloud.com,7d09b4b5f21ef93f2aa30a1fdcbb20a1c0942c6717746b5ac6b2cddca899f745,India,2022-11-24,1997-07-04
76,antopickf76,antonio76@icloud.com,b6fd0ccb092c3e5833b8bd50fc33fd6b9e9ff425eeb34ca4e4e06ce5b1b8c368,Colombia,2021-08-06,1999-02-02
77,rubesalib77,ruben77@hotmail.com,d9c6be8ca4844b995b890baf6dffa01dcf7b780600ea9c9bd1c2afe6637923a1,Nigeria,2021-01-20,1973-01-26
78,marclopez78,marcus78@hotmail.com,d45cb754658673a41dd9614864851f8df756ce989d4052a8e8d53c0ce5002627,Portugal,2023-07-28,1990-06-05
79,dougevans79,douglas79@hotmail.com,75b1f45fc4891e3a8bee2ea1e78bd0deff051ad1806585f446f0741b925d707b,Israel,2021-01-19,1984-05-20
80,harrsalah80,harry80@gmail.com,d887c37f151cd48c22c922c363ce37116f4227960c79c5382da0cbbc2140fff9,Russia,2020-02-15,1978-05-05
81,leoisak81,leo81@hotmail.com,fe1410c504a141d8e669b09f811dc1d50ba8bcd4c2bd61ba2d021e1818284adc,Brazil,2022-06-16,2002-08-13
82,olivsterl82,oliver82@gmail.com,d715b26545dd21cd813f8de8fb40afb678ebeddff8daf23779fc1e41d0323f0b,Argentina,2020-01-31,1992-02-21
83,jordellio83,jordan83@outlook.com,57613cd9bf331a9cfc8d8040b8b770c40c919c9df81fb38817763be10d76c14c,Sweden,2022-10-17,1986-08-29
84,fabikeane84,fabio84@gmail.com,6aae543f23bb8ca0d62bc78660d76673aab511a6c212e59dc392ada30f3476b3,Denmark,2020-06-13,1976-07-21
85,jacotripp85,jacob85@outlook.com,bfc61445c70639d083c99aa30a6b2939a3c0baa6ef6b7b6749bc74f62344bb09,Italy,2023-01-17,1991-02-02
86,marcferna86,marcus86@hotmail.com,9bb217b24f3e81fd5f8428919489164788debc42f2d8ea43d94239e392893f7e,Romania,2020-01-26,1975-06-22
87,goncmykol87,goncalo87@yahoo.com,0ac50319773eb02b2152d821cf24c51c6e5dc89ae9da6e4496dea826654136cc,Romania,2022-06-26,1981-02-01
88,bernjones88,bernardo88@yahoo.com,bb2805a1fed5424a5a3a0b5ca21d8f2840f13514086bd61fc3c0322b100e53d2,Egypt,2020-07-11,1993-05-18
89,timsaka89,tim89@outlook.com,9bcd6f380ba84eb99ec84b67facde7c30c406a64b84bd8e5f03e0304060e4327,Romania,2021-10-01,1984-06-29
90,mohapedro90,mohammed90@icloud.com,a7e22e901850a202c7c26de1951bbd8b50dd6c36f2cdfcbb57cafc2e2b454811,Germany,2023-01-30,1993-05-14
91,masoson91,mason91@outlook.com,f9705302ff586970c50f29f1443c3bfeea57299c8535a53b21db04bf8a5675e0,Sweden,2021-02-10,1986-03-03
92,charmcate92,charlie92@yahoo.com,0427cb58167e073e016ac1e25574e8f1aefb8f3660ae9851cf362c30be3598cc,Portugal,2021-04-28,1998-05-23
93,conohende93,conor93@gmail.com,1af789a6803dd486062793ba1837cdebd10670ce589dbfba9c5ba31871234627,USA,2021-07-19,1996-03-24
94,masostone94,mason94@yahoo.com,efabd7eac8bf27ef3e32205ba4331812bf369baeac44c2dfd3de445fe02be918,England,2020-03-27,1996-01-25
95,lorepickf95,lorenzo95@outlook.com,e46c6656c259dfe9e83fef632c7a9637e60ff0f9d859d829ed49f569e43034b8,Argentina,2022-01-30,1974-01-06
96,benhaala96,ben96@outlook.com,90a68c0bf3b6d1b5e6b32beaf8e8c9c3457d9d688fdc5f668ebae4b8b819a9b2,Netherlands,2023-06-20,1985-03-07
97,renapedro97,renato97@gmail.com,ce7d9219a5b7e1c536f334e5dc5140a9ea62208d0ac0d641528c3bc6c41dc81b,France,2021-12-29,1998-11-30
98,liamkeane98,liam98@protonmail.com,58da8ff842db83798ad59f10d9adfbbae5fe07d34ba9a8a2b75ccd6045208f51,Belgium,2020-09-14,1991-11-19
99,trenrober99,trent99@protonmail.com,bc1fd7eae353968df479259b2524f739592c7110274daa020789f9fcb56069d5,Poland,2022-06-17,2002-11-21
100,rahewilli100,raheem100@icloud.com,d95829e6d46919cc1bcb8fd4b0e504cf6f0c8597b1683cb425212d63a295f26a,Romania,2022-01-03,2002-06-30
101,willson101,william101@gmail.com,471de95de150003a19df35bf3b69ccaf21c59c42ce842a20e38e1228c53d5c28,Israel,2022-06-15,1995-01-29
102,casepope102,casemiro102@icloud.com,3b8affe847eb44559245aa693770a1c2e2dd019ecd38671dcff51d675edef3c2,Israel,2021-01-23,1995-06-03
103,marcpope103,marcus103@hotmail.com,c6d5cea6904f7ca77d51a4b660e8e410d9a87e0254de30bfb819f15876dcc437,Norway,2022-08-17,1982-05-08
104,marcguima104,marco104@protonmail.com,76b30df9d7d2e0636937bb0c20c0ec4ca39f1332b32d598f4f4778b1bc7790a0,USA,2020-05-21,1993-10-29
105,liamevans105,liam105@hotmail.com,fa2dae4ecc4ed40080d3c0651f59aa31a00942a5a81ab35d50a5497853c5baa6,Mexico,2023-01-14,1986-06-20
106,stefsmith106,stefan106@icloud.com,67783a39f8a4c1a7b5077b31cbca3d7f4ea92d7014752b40c1ea89999200f549,Greece,2022-02-15,2002-11-29
107,marcwilli107,marcus107@protonmail.com,98a6a1cf4b710c150583cfbc911be77ec584ade8d52848b3777e769b0b22c3e2,Czech Republic,2023-06-24,1980-09-17
108,billcalve108,billy108@gmail.com,b2fe7a500d5919eb060177bf9e385796cd8a9d5146b968bab566cff944b14f86,Russia,2022-03-04,1978-07-08
109,davilewis109,david109@outlook.com,979c7ebb27e33c0599d9f97e4d42afaa3a24d72d082e529680527a369060348f,Argentina,2023-06-09,1982-09-13
110,billgvard110,billy110@icloud.com,729cdda8b4a350f62d0a5ecc56d6ba4f2a9a7ad4bcda59545440fe0afaf38ce2,Norway,2020-08-14,1974-04-27
111,alexsanch111,alex111@gmail.com,2174b9795e7df8c368e1400b8e9ea0bcef087b462b333128ebd9ecac87da4f34,Germany,2020-09-22,1978-01-05
112,jackrashf112,jack112@gmail.com,b48a2d7ab1109211bff01a56a622dbd80cbcddfe56d21ce32f0a8e530663f485,Israel,2021-01-27,1974-06-06
113,jacklongs113,jack113@icloud.com,2e11df7d85b489aa8e73cf1f0bdba219cb442aa0cce990eb4787ecde05207c3e,Romania,2022-09-30,1993-08-03
114,dougkeane114,douglas114@protonmail.com,ad248de308b7d829a881d76a94d3b887491220b26b3b7cc6fd7d57a15b455248,Mexico,2020-04-10,1986-06-08
115,kyletonal115,kyle115@icloud.com,301501c02edd1e6575e04ea25daf0616c0faf5026b9c5ee96b8a52436d8ffe36,Italy,2020-01-27,1979-05-13
116,daniramsd116,daniel116@gmail.com,7a02091de2656aa41f8604dad989f2fc05a7d37ac069a4b361e5bf138140b614,Egypt,2023-08-01,1972-09-21
117,nicobotma117,nicolas117@icloud.com,90d317abbbeaf3d8898a275cfc41908244e11f8854aa9f690d6a1007ec311711,Nigeria,2022-01-25,2001-10-11
118,jacoflore118,jacob118@protonmail.com,bcf50dba39773dcfec6ce911c257e4d9564570ab72e3825f0b90af6efe2d5de3,Colombia,2022-12-19,1971-10-29
119,mateander119,mateus119@hotmail.com,494f85140b7257154ba93a5802aa9dbce2e61b3439234c2def6d22e8053f0d6a,Italy,2021-03-18,1993-04-21
120,henrmoore120,henry120@icloud.com,54a827e8bc140949e8814d135a6c8d8ebd4f62f651677c156b122fe1c30a13fe,South Korea,2022-12-24,1987-04-15
121,raheferna121,raheem121@protonmail.com,ad1feb9e555edfe118e0233af77919773b3064e37b3f153e7b85c48b992a3ff4,India,2023-03-13,1998-01-19
122,kaibotma122,kai122@icloud.com,57a040e8b5da286d4ff6b157c93cf002fdef18acccbb596b08240b46f8f69614,Nigeria,2020-08-04,1998-08-25
123,ousmnunez123,ousmane123@icloud.com,c7fb9174fdcfbdf36de4e2a76dfb206575edec15528e0143308cbada7bc31a03,Egypt,2022-05-24,1974-09-02
124,adamperez124,adam124@yahoo.com,52952c9d989f93b384de5d54c36e7c2e117eaef2a0bbc675c792dbd9c164ef89,Turkey,2022-10-30,1985-02-20
125,joshhaala125,josh125@protonmail.com,889763d428fad01050b028f2726e7d59455de4cb9114f1b439de9872a94c49cf,South Africa,2021-12-22,1984-02-20
126,miguhende126,miguel126@hotmail.com,9e751f3ea96c7ca9c078adb1eb1dd4b585b16db48321593724f29248123da143,Nigeria,2023-07-20,1989-04-25
127,francalve127,francesco127@hotmail.com,63d2c39a9eba6bdb110a3988c7638065d4bbc9e48eaaeafc975942d6c62a1f81,India,2023-02-27,1994-06-23
128,jordeders128,jordan128@protonmail.com,87be3751e2d501e2119fdac63bf930223a6a333ec0319ff44cc2ec0a29419f6e,Mexico,2022-01-07,1990-04-18
129,curtstone129,curtis129@gmail.com,09e5f1f30defdb21663bda5064dd6ea4cb14a2c48d8dd6624f84e8c5f85f41f3,Germany,2021-08-05,1996-09-21
130,harrhaver130,harry130@yahoo.com,6663c2d1271373bbedbb275b6e728cb55482a0b4414bbf6899c5b66defa4c426,Sweden,2020-01-14,1983-06-22
131,kyleodega131,kyle131@hotmail.com,4f866f30bc77579f2afe74e1a42885635417393aca2876c3b5cae03d74ddf116,Spain,2021-07-19,1994-11-02
132,pedrbotma132,pedro132@protonmail.com,951516ab4d6324b88298dd97934c1edbf24978c26b3eb06f7984624cb0a3c41f,Argentina,2020-07-12,1971-09-11
133,stefnunez133,stefan133@yahoo.com,49046f152bcc9b33eabc91652f7bdcbf02275f10dd192877abf4ced97ebf112f,Brazil,2021-06-26,1986-06-20
134,sadikane134,sadio134@yahoo.com,a1c07690e638d2c1ad8002ea410a4d440e8c80063c22e367d3c0e82871df46ed,Mexico,2021-09-07,1974-02-14
135,ousmakanj135,ousmane135@protonmail.com,6335d66c2373dca3c623529c6518e637f28f2ea86f7c72d41da7603cefc0036c,Japan,2020-06-07,2002-06-17
136,billperez136,billy136@outlook.com,28e724223198c6ba34567e5b71c3fa7ffa1561e33bb8bff1aebd2476bcf94af8,Canada,2022-09-26,2000-12-07
137,julilongs137,julian137@gmail.com,af0f75f571b7986902b04aa9c6ae385b572e235fe58f53f2698b6bbfb1ce1fe6,Sweden,2020-03-17,2002-10-13
138,antolongs138,antonio138@outlook.com,462878ff90b9f3415be6faafde52d5e1d470642ca0736762de10c8d02f0b009e,Netherlands,2020-04-24,1984-12-31
139,wilftorre139,wilfried139@outlook.com,7ecdba32f2c11dfeee94f78af9791720779c3347b369a3fad1b0f791c76b779d,Nigeria,2020-09-03,1980-03-03
140,rubevaran140,ruben140@protonmail.com,22b68e72467c61344628cff00d976be70d77634366111780246ca4a4cc888ba0,England,2023-07-22,1998-05-11
141,domimille141,dominic141@hotmail.com,7732a8d44502b206560e9703d35648265e1b375100f95c1037b5ef4b2d35e35b,Ukraine,2020-03-25,1984-04-28
142,carlschar142,carlos142@yahoo.com,7393395308ebdf72d3dbd169c7ad37082ee3f33916d27f02eef4acd448b168e7,Norway,2022-10-25,2001-04-20
143,kylesalah143,kyle143@gmail.com,a2e2c8b112aebb094c534b326115c06e258b83d8a124d54dc85b3348628922da,Turkey,2022-07-01,1996-09-11
144,ousmzinch144,ousmane144@gmail.com,1d52e66d7c89270856c27c77aa45c3e48a3ee160af72858c20a2fdb98f15aa99,South Korea,2022-06-03,1982-12-31
145,lorestone145,lorenzo145@yahoo.com,b77a8a5c5c4a1078fa81144bbf2e124f1b9dd362f244c72aeaeb12958acd963c,Brazil,2021-11-19,1973-09-14
146,andylongs146,andy146@icloud.com,38ab1f55da86f5c2a1326ad89e1bd7eaad327ebb9f897ce1ddf3daed297cd88d,France,2023-01-27,1987-11-28
147,kevitaylo147,kevin147@outlook.com,d40b0ee8346684898de4dfcd157bb2743c346fa177c4133842cac9db78606735,Greece,2022-06-08,2001-04-21
148,lucarodri148,lucas148@yahoo.com,c14c0e8f93af40e7356de01a0cde5f6916e7e3433cd1fb2f8bb1b245719fbf3b,Morocco,2023-02-19,1978-11-20
149,mousstone149,moussa149@icloud.com,873b6daf824f79ae240131a1710802d3f2935173df3d75f86e1bbb4cfd4585d7,Australia,2023-02-23,1997-08-19
150,berntimbe150,bernardo150@yahoo.com,fd2961964b7840dbdcd4ea5d928d3bdf43933161c870fa3adc8eb46d668a7af5,India,2020-05-26,1981-12-11
151,santfoden151,santiago151@hotmail.com,3da28fe7b18c1bc388a7c76aae47a27930195123cdffcd05fa0e5b5bde4925bc,Netherlands,2020-08-18,2000-02-18
152,ryandoku152,ryan152@hotmail.com,ea45aae577959d5a52bd0ef6e965536179d2cbaf06d40412de57762ce573e6fc,Poland,2021-01-25,1984-05-21
153,wilfguima153,wilfried153@icloud.com,d3d8b5c2b16ee193658c0629415ad143e212e9d65408b43c5b5276c186fdb1f7,Spain,2021-09-16,1977-08-05
154,wilfmurph154,wilfried154@outlook.com,0d7dc803d37cf5153f44df76ccd482fdf9ced9f557d8beaaf1f465fae05c0c96,Argentina,2022-06-21,1972-01-06
155,giussterl155,giuseppe155@yahoo.com,8ccfecb08549108550df2e2ca453bfb842c9b98a31ea2eb6c4701f2d58959cae,Czech Republic,2020-11-15,2002-09-05
156,oscajacks156,oscar156@icloud.com,2b92054c436401f6929341e8bfdf0234ba7f264e9597daa5274183b567bcf9af,France,2021-05-12,1997-11-09
157,thomcruz157,thomas157@hotmail.com,1261f8efe075ba6a4a22ee3c7599cdcfdfb99ef2274eae521120baab41da2cac,England,2021-12-04,2001-02-14
158,mattjacks158,matteo158@hotmail.com,7b1831da05b144d64822d0716d1d8b7140822d769c1ba164c301bf1ef83cee85,South Africa,2022-08-22,1971-01-08
159,ivansaka159,ivan159@icloud.com,7a294f2e2051d861e9f4e59369c6ecace6e4661844e54d5685421853140c1aae,Russia,2021-03-09,1979-02-22
160,carlhaver160,carlos160@hotmail.com,801c3a6560ca0a0274709e7bf691bfdc831c22ed218715796b3cd08fc7325c34,Morocco,2023-06-29,2002-09-29
161,thompickf161,thomas161@icloud.com,3c32b3f44f24065b3b61a54ae2b54b3aa1ab55de972be39783c35f48b7d9a2b3,Spain,2022-02-10,1996-02-25
162,joshtimbe162,josh162@gmail.com,346025c4476fb6af4237565b066de4510e3195a4ae145b1a33fbc4d2c835413b,Mexico,2020-12-14,1972-09-11
163,brunrashf163,bruno163@icloud.com,5da63c64bf39fb3415a042b146da285709048a462775bea6e79b22ec00c2dc07,Colombia,2020-04-18,1990-11-09
164,danijohns164,daniel164@gmail.com,537b72fd3d1295233e07b71ada38ac56da50c1e56606f0920f53aae153249ca2,Romania,2021-07-09,1999-09-28
165,joshgomez165,josh165@gmail.com,df34a3db8dca30a5661622c7f892e2cdaf430054c2b9df8186eb5feedb7cfbf9,Spain,2021-08-22,1999-02-17
166,darwsterl166,darwin166@outlook.com,328844e3cf4f42902c90ee59c6416aa6ecccd0698a78017e71a697bad3968142,Greece,2020-07-22,1984-02-25
167,mousguima167,moussa167@protonmail.com,d1b2e739666a2e9d12176f7409fb31e219a6183c64f670b41336ea429f8f0177,Netherlands,2021-01-16,1978-12-03
168,ismadalot168,ismaila168@protonmail.com,1e741ec1d56592da7be6b1627483a84d07c904f18d2d7c45f81fcdb5b38c8bd8,Spain,2020-03-22,1981-02-05
169,davidier169,david169@hotmail.com,d35cbb0fba83772a4cf3831393b1e4d288405d65b7ee629b6f433aebed715a92,Israel,2022-03-16,1977-01-16
170,harrjota170,harry170@icloud.com,02f4531ef3b4b08cce036dbc0b2fd462763b42731a4e2ac464962e874517f317,Poland,2021-12-28,1998-01-17
171,rasmmount171,rasmus171@protonmail.com,ce77075200012cdac38267e9157f942f836c092ba1505643243646066f4b451d,Colombia,2020-05-06,1998-01-26
172,erlidias172,erling172@gmail.com,4527b6c9ce3659ab0d9138ae236668e2d7a0c68b07b253528eba6bc675cf0503,Colombia,2021-04-06,1976-10-21
173,yoanstone173,yoane173@icloud.com,eb01ad74597348f917be34010ac7061b07e7c92fe905b50aa42e7fffb987795f,Brazil,2020-06-28,2002-09-28
174,domihaver174,dominic174@icloud.com,1563a1c32b849e87082fe73cf9bcff4ad793842f291e1a47ab3287f2347d40cc,South Korea,2022-05-04,1980-10-13
175,ousmsalah175,ousmane175@outlook.com,87661253b51821194b7066fae0e965756056e60415cf60e20ae85a3c20fed9ce,Sweden,2023-05-24,1984-10-09
176,curtpope176,curtis176@yahoo.com,c0ef5604df92d265b85a71939c4f15442b84a90f3d5d584b1dd5b554e27fa639,Japan,2020-10-10,1996-01-24
177,carllewis177,carlos177@yahoo.com,8874901d48a4d0e44f5fc27ff6d373407496b1268948a44c4d9bb34bbd98c7b0,Brazil,2021-09-24,2000-11-19
178,chritimbe178,christopher178@yahoo.com,51e8794c7fe23b01132b277ab789c38880b24f8877f323f2880c373f8a6fc4dd,Ghana,2020-10-24,1999-06-09
179,kylihaala179,kylian179@hotmail.com,fa48aac9ffc4cae4a903c80d516f8d979559ab781648a17968265da389067065,Italy,2023-02-15,1993-11-28
180,andrthomp180,andre180@yahoo.com,c7ead90272fdc5ce48bb7c9f7c240b99e996c51730f8788f35fca723fc633e2d,Norway,2020-10-25,2002-08-13
181,georrodri181,george181@hotmail.com,0f8da6a3b90eb6c7825aff1bf86225799e78f502d5725134b18b21b90a7031f9,Nigeria,2022-04-22,1983-08-11
182,harvpatte182,harvey182@icloud.com,d2922dcc275fc1b6088c70841d4ea57637e131fdfd7bc7aef100bcf589d839d7,Colombia,2020-11-07,1978-06-07
183,leowhite183,leo183@yahoo.com,7339c79a83fbcdbc8497c110f892afa6332ef7f7c40324367cc88cd5fa1fdae3,Spain,2023-06-07,1997-09-04
184,philtonal184,phil184@protonmail.com,7343760b33e51d8995d9c62949ceb3c7ee9df2d235c6c6a69c5dd770d9102c75,South Korea,2023-05-06,1980-06-01
185,trenlewis185,trent185@gmail.com,79cf2217046b6bca5567f58b4f0e4af703eb3492a6782e35afa7f942488ee77c,Poland,2020-06-11,2000-11-13
186,santmctom186,santiago186@yahoo.com,9fe9fffc67d0c7fd2736327f0ce6e4f04088b83b63db93b682816ff517289dd2,Greece,2023-05-23,1991-01-11
187,nathvaran187,nathan187@hotmail.com,f7420e81a4b378e14080a95e76ccd7e4ee4067a6acc620c77227bb20fec83e82,Canada,2022-03-04,1992-01-17
188,andylopez188,andy188@yahoo.com,d25d33c8f59ccd58088bdca26b3bc24820bc5944bdbae1fce94f4235c8ceba57,Australia,2021-04-08,1971-06-13
189,ryanrodri189,ryan189@gmail.com,6c59f48dd5cf7f17eba186940166cdc55c2d18b4cf29e4d1664525d4879b6ebb,Colombia,2022-04-25,1979-12-26
190,rubemcate190,ruben190@yahoo.com,e8446606be3c22efaad811b9aeabf73b3e677cbf1690221e2def38544486c416,Japan,2020-05-15,1977-12-11
191,harvmurph191,harvey191@outlook.com,c3e76d63df1df2dd8330ae19df8af364a2decf192f8b10e30ff59f83d11dfc4d,Norway,2022-07-26,1981-01-26
192,robeakanj192,roberto192@gmail.com,91dcc11fb35e4d638a43f6c545d68f0e47215e75e8bf587fcbc3eeb653971ff9,Romania,2021-10-02,1987-09-06
193,emilpatte193,emiliano193@protonmail.com,b17173f2e6524578a9b0932ac8df238ab946abeaff4d427af00454812588692a,Russia,2022-12-11,1998-10-09
194,chrigonza194,christopher194@gmail.com,970d21cd65fa6fe42e5ad659c00785ec5890cafbc0521091822f11fd2ea640c1,Ukraine,2020-08-11,1990-04-05
195,stefflore195,stefan195@gmail.com,99c1d87ef6733e7cc5c0789d1c126dcae6250cbe516f0275675db4136b4e3f12,India,2022-11-28,1994-02-16
196,diogbrant196,diogo196@gmail.com,bb489df817b1a0ec45e2994246da21b983be6811361e8badf3919f7cdb64dca2,Romania,2022-11-23,1998-04-16
197,charferna197,charlie197@hotmail.com,27d3745945ff807aa068a40e0591074a61a811037b24919c7648d411a9a8efbf,South Africa,2022-03-26,1983-08-30
198,santflore198,santiago198@hotmail.com,be9a6b6c0c12a0fa78710827cf0e533aeddd32cd53918c328fcebbedc8032b3d,Egypt,2020-12-06,1988-12-13
199,casemurph199,casemiro199@gmail.com,3c64e0d7c0afa53630b333450477e943bce24383fe0a316fcd572b34efb77e78,Ukraine,2020-10-18,1990-10-18
200,marconana200,marco200@outlook.com,c7a1ac975b1cc73640202dd7fd8308eaefe7c40dde24864798cd0bfc2e5f7baa,Netherlands,2022-10-22,1975-01-29
201,marcherna201,marcus201@protonmail.com,39af2c321ffb04335899c26bcadb067b471d1da2ab0e5cf6827ea1d858f176d6,Russia,2020-10-04,1987-08-20
202,ryanhende202,ryan202@outlook.com,0d7bff9a6cafd19a6c5a0605e5e759f4d4b46350108793a75e4ed9cb1b26e777,Spain,2021-01-01,1990-05-09
203,riyamykol203,riyad203@yahoo.com,64a0d48538f80b1ebb720daf7745e37880fa6743f0141dd081de60d00028ab47,Egypt,2020-07-03,1981-03-21
204,billpickf204,billy204@icloud.com,725207601072bcb8334e4d3eab62bbdfc7cb5c9c0a41b07bc886b20039e782f0,USA,2020-09-10,1974-02-03
205,ethaholga205,ethan205@outlook.com,2511e8e90951f5c69da87e9b68161b1aaaa87ea5001d82b11a959e1cbd7552bb,Czech Republic,2020-06-23,1993-07-01
206,chridias206,christopher206@icloud.com,c3eeeecbe9d25e6bd4538bb83d8cf3b587e2ea3c403f3586a26dcae27d1bb881,Greece,2023-06-07,1977-03-04
207,domiburn207,dominic207@outlook.com,c4b1b11e2d03b396d9d0b4748b8fb23a86555b4a0dd4b5ab809661aff8bcb2e4,Germany,2020-12-15,1985-01-13
208,kylisanch208,kylian208@yahoo.com,520094110f4640ed5bb66ce65bb9184d4b6c32dee3dce64ff8a36786d642b360,USA,2020-10-23,1978-01-09
209,goncmykol209,goncalo209@gmail.com,9bb98a26d6f776941829331ca2442e35d8d6f55fb37badb7aabcf3f9cb7e6110,Nigeria,2021-09-22,1983-11-20
210,matemarti210,mateus210@outlook.com,2546e641325934c6dfd53bd42c9f24bf482417640adf22fab1f15077b76d6049,Chile,2023-07-06,1978-02-08
211,masowhite211,mason211@yahoo.com,f202abde28353b0fd722b86cf7573007228518345bdc600ee6623fae8d8a84c6,England,2023-06-29,1981-05-09
212,olivdalot212,oliver212@outlook.com,84980bbc8c29805481a9e8e4c85ecdc0ecfd8194dbdbd07de549b14c3f43547e,Israel,2023-01-18,1970-04-05
213,gabrgabri213,gabriel213@yahoo.com,63562950ec92eaf5692db3ab6b85a174545ef1eaf4594616168db4ff6d0f60a8,Japan,2023-04-20,1999-08-01
214,andydalot214,andy214@outlook.com,286ab49b3cb703110281fa66d224ddc331874943103f199a8e4e6584addb44d3,South Africa,2020-06-11,1996-12-20
215,richsmith215,richarlison215@yahoo.com,50c4108d1dfc16098223fff53e9c7f40d6b229e356dd15fa76c0614cd5550b5b,Colombia,2023-06-23,1998-03-14
216,rafatorre216,rafael216@yahoo.com,0eddf494d74f20c6f5d0cdc51a689080851bfe7242c40a9dec506681b33baffa,France,2021-01-13,1976-08-26
217,jacovaran217,jacob217@hotmail.com,ac996fdf93d51a5135accefdbb38fa900ac98bdcf940983a4445bf72e2c1886a,Germany,2020-10-24,1971-06-16
218,timlongs218,tim218@protonmail.com,4ebf40fdae007a03ac14be187e148622b3567b156214988ffbbac88ac60d60d1,Sweden,2021-11-09,1973-12-07
219,charmarti219,charlie219@outlook.com,672ae50a2b91450f010081f7652ea3e9b6baed1e2b1c28ab549d3b2f9935938f,Canada,2020-11-26,2000-02-24
220,brunmurph220,bruno220@icloud.com,3c1969b4c33e9f77ebf1f4033fcd0b526d9bd176738cb27600b2e96233037e0e,Canada,2022-07-21,1995-12-21
221,nicojones221,nicolas221@gmail.com,c7ecab6df9632e95f78fbd51b877fa6d33e1c4d60a307930bc14cfbbdfd95f19,Sweden,2021-10-23,1986-07-14
222,domitorre222,dominic222@gmail.com,14c62f768d033853c42dcb44ece4c644d55e50014165148b5347a16d85b812af,Ghana,2023-02-01,1972-11-29
223,casegarna223,casemiro223@yahoo.com,1cbf3891c01f724bef943f6b8010864ad1ee9b4b819f4d2a4253ee44ac4deef2,Portugal,2021-07-16,1984-10-07
224,davigvard224,david224@protonmail.com,9953a71a31835ea54b4a3e68f4ee0137d19d2590ba83261fd9c0ce565be7ced2,Japan,2021-03-04,1997-06-15
225,jacomarti225,jacob225@protonmail.com,ba2bcc3f37055fe6b528eae74af7a043ba2d8a76c3a041a41f40340c9e484263,Ukraine,2020-06-28,1991-09-12
226,andrpickf226,andre226@protonmail.com,e4df054a60f6a85e552bb4a5fac5e40fb577cb0d8fa6faf389025000aee5a7bd,Chile,2022-05-24,1997-04-24
227,lucarober227,luca227@hotmail.com,289e23d14a870ab161034c8113d9a9048c395010bc027982fd719b19d5560c35,Ukraine,2023-03-23,1997-12-16
228,patrwhite228,patrick228@protonmail.com,4a91b1db3e7ff642a01de70fa8d528de95392f5b380289c565c5baf69baa216b,Israel,2022-11-30,2002-09-16
229,leongabri229,leon229@outlook.com,d5ab9f521cd9d2faf9a031d391795c8e78d81c599ff003d059617a9220701d98,Canada,2023-06-02,1980-06-09
230,chrigordo230,christopher230@yahoo.com,4f286f08a87e360dae3e1ca572c011db321d2a3d94fa1db8b6ad1cd71572b7a3,England,2020-08-30,1971-01-28
231,fabipedro231,fabio231@gmail.com,f1b1746eb000643cc51ba2f9399f45c0caaf4fcdfde94b51ee2c36affa2f26cc,Japan,2023-06-14,1988-08-07
232,ryangarci232,ryan232@hotmail.com,bee66674683154a3bb3ce09446ba0aad5c1682ec2f8d7d5b2894b3bc69c37a09,Poland,2023-02-21,1998-08-06
233,jordjohns233,jordan233@icloud.com,1d09a620bc8d7dc6c31bb09bd3191f8c52d6dff238147dc9f9c9f08b2e49fb5e,Australia,2021-07-30,1981-05-31
234,fedewilso234,federico234@hotmail.com,b447b2aaa9f89615643130e5548b10833d031f2fdfadaa76286398fff44b85bd,Sweden,2022-11-03,1994-09-03
235,billmarti235,billy235@gmail.com,1159e2dfea1f48638c0579db40ee7aeddb2fc231c1cb29cee2d86ae08ddaef47,Portugal,2021-11-13,1985-04-24
236,diogcalve236,diogo236@protonmail.com,e960981e2a8fe4c39909052008daf44888501b697482c942cea442325d62503b,Spain,2020-12-25,1978-09-14
237,ivancruz237,ivan237@hotmail.com,7f0d5b562e961c38f3d637bef0e8ec52b6253b29cbe63c83aaba41ff1c320a47,Morocco,2022-08-29,1971-08-06
238,michlopez238,michael238@outlook.com,fae55bff6506ec2ae0fc1a870afc1bf15f11795039efe77e291f4ae40e4174cb,Argentina,2023-07-08,1990-08-30
239,fernthiag239,fernando239@outlook.com,b8cf7bf70f6cba2c529f53261816967a25590c6aaa3fa7432da2b5b2580ea1af,Nigeria,2020-04-24,1993-05-17
240,rasmschar240,rasmus240@icloud.com,cac57380d0e9afbbe70eb0d4716de8ec310becb20c70a6f895c5ce066b45694a,Norway,2023-02-11,1994-01-14
241,harrsaka241,harry241@protonmail.com,398a2cbb17ecf94a194a0505a06e63f0d4be79ad37fb5e0d013ac941a166aecd,Denmark,2021-12-25,1972-12-20
242,liammaddi242,liam242@gmail.com,23cb2ae63f95bb96e21f26788826a33541a94d1b2b1fb093ac092289180c032a,Denmark,2022-02-07,1998-02-07
243,fernde br243,fernando243@protonmail.com,8c46a723b0cc867fde49a0e2d7baec183e5178397444fc8c6492c2ee16362ff4,Romania,2021-01-18,1996-09-12
244,ethagonza244,ethan244@hotmail.com,a3df3b39693a7b27f9b1fb521b2b59c31d3cbc24bd2b8dfa4702cadfa2cc4cf4,Norway,2020-03-05,1982-03-07
245,ryanthoma245,ryan245@outlook.com,8addfd290a632e2e1dcd2686e671d4bc887393846f238d93184def6f6ded86f3,India,2022-01-31,1990-04-10
246,marcbarne246,marco246@yahoo.com,f8e3d9a4c1a814cb732570c80cd7334f101a396aad547c30afe728199a3f9e5b,Ukraine,2021-09-11,1977-11-07
247,ethakonat247,ethan247@gmail.com,b8303b0961abd31bcae0c115f338d5e7416946d90ced463717fc28754a5a4a1a,Australia,2020-07-08,1989-11-27
248,ismabrown248,ismaila248@outlook.com,e8e333ed1e5f18a442a8b3aa7c8a3e9b9f85aa46df1ae8061a445cb920168f5f,Greece,2020-11-11,1978-07-14
249,yoanmctom249,yoane249@icloud.com,7dbe69f9614e33998ea5f83ac2657e1632194a55d326561c958aee8ebe2ce9e4,Ukraine,2021-09-27,1984-09-07
250,thommarti250,thomas250@gmail.com,9653f172449e7edf3308045fa5a32e815882ad0c9de2b0b4121432956539ac19,Ukraine,2020-09-28,1979-03-16
251,andrjones251,andre251@outlook.com,2794d8edbd34abf15fec955a528849ba63931d546392b41447bd8c18d9059070,Romania,2022-12-05,1975-03-13
252,jamedier252,james252@gmail.com,35fa6df9133acc9a809a2dbb0ac1102e0324f2fcf94ad8730ce11abbee3db919,Netherlands,2021-11-13,1990-12-11
253,noahmarti253,noah253@protonmail.com,79db3ece46db141cc6e2763c74cd0ac0fe26ac343c4e51ed5854e5062f50fcda,Sweden,2020-02-16,1995-11-28
254,renadier254,renato254@icloud.com,4b4c9820c0f7553154583e26c5b1b977d93b2083a92b2f1e5a2da3b74c85763c,Japan,2021-10-19,1978-12-30
255,raheisak255,raheem255@hotmail.com,77f3b19d27248c8d9473693770b689d7eea3b369b67e7c821a2b8f7b54a62755,Russia,2021-10-15,1989-10-15
256,timthomp256,tim256@hotmail.com,de9fb48f5c0d798191f48b6fecf4cb527bfcb73d2f40d582060dcc3bdae445ee,Argentina,2020-11-18,1982-04-11
257,ethajohns257,ethan257@protonmail.com,e82da70a5cea35641595f2cc527b639d3f32feabb9cf0ce3d8f4ab0dcbe7c26c,Greece,2020-07-28,1979-04-08
258,carljota258,carlos258@protonmail.com,da5369024cca53926a966409c2c364d917688fb6103c70784b486acff575b480,Norway,2021-07-09,1976-05-08
259,chrisanch259,christopher259@hotmail.com,a1989e8a650b71aad16fa17099613470cf4580fdb19c6864f8d98ae7f30ca10a,India,2020-12-16,1973-03-13
260,alejmurph260,alejandro260@hotmail.com,a98a8eb428580a2a9c2ecf5ef447ffd7dfff077870c7eebf0a7646e7b5fc5ba1,Russia,2022-06-27,1972-04-11
261,lucabrown261,lucas261@outlook.com,c2840c7af9ec79ed1a8d33ddcee2a3eeb3b22eb3028d8bbee584b64e6e24955e,France,2020-08-04,1987-03-17
262,charthoma262,charlie262@outlook.com,26039ecec4b1ad6645b115fa3c7d091e4b5973e6169ec5202a44611c1a0b7439,Turkey,2021-01-01,2001-08-11
263,richander263,richarlison263@icloud.com,3397dbfb29b06e7e61f1082aef92c06163fd44e96b9a81467140fa3bc251fa2d,South Africa,2023-06-16,1985-12-14
264,alejthiag264,alejandro264@yahoo.com,92004256e9b8fe4c968b4c981c77f401ec59e038cd31b913cb4d821fc3602736,Russia,2020-06-09,1990-11-21
265,kyliwhite265,kylian265@gmail.com,175ab2de94f48a619d82d1e19ebe96fafe0c8c5fb4fa65417c6d9f30ac5e42d1,Egypt,2020-07-18,1990-06-09
266,alejlewis266,alejandro266@icloud.com,5ddf3e18b6e09a80f2b6e8549b9bf910c739bc30be097f5982cc2679a21f4995,Egypt,2022-08-21,1980-05-24
267,kylelee267,kyle267@protonmail.com,9e8f8f49841079c90b247dadbc6cce463ea896c33f92f2a5dfddc513330ab37f,Mexico,2022-01-14,1987-08-03
268,marckeane268,marcus268@icloud.com,d190075eecef03615376e73ac58d2a125dd99e43037f99c50f74428d873603d1,Denmark,2021-10-27,1990-05-02
269,mousbrown269,moussa269@gmail.com,f4786aa52b0b5cd4ec758e52d6eca8739aa3c2b53c4bc73b31c09b7ba844e5c4,Morocco,2020-08-19,1985-10-07
270,antomaino270,antoine270@yahoo.com,dfd9f0221fa5c8b8822233eb15f84c71b0197e2c63da5e74ac5d1a4c08739ca3,Chile,2021-12-14,1997-02-11
271,ousmwhite271,ousmane271@protonmail.com,98327db678cfbc15f018a51b34bc45f25372ceeac9e2d87ee98ccad408e6689f,Belgium,2022-04-10,2002-01-15
272,fedemarti272,federico272@hotmail.com,1b078ea365229d03be3d5ef101fa8e100761792c411447d0579ce89b27cd54c9,Italy,2021-09-10,1993-11-24
273,fabiakanj273,fabio273@protonmail.com,f5d5241aedf68c78e110bbf7a98bccb9c96bfaed7e3d93412f0c1afcb964c5bb,Nigeria,2021-05-03,1997-11-07
274,benburn274,ben274@yahoo.com,0d0c6c29bacf7d634850d1acc8feaa092ce1faafac0efa89cca168871670dd29,Morocco,2022-02-25,1972-12-18
275,yoansaka275,yoane275@icloud.com,d9d5d126137fea052552a3b0d7a2c1dd71c7636c9e2bba3909c55f30cbbfca2b,Ghana,2022-06-10,1995-06-12
276,loreellio276,lorenzo276@protonmail.com,e5defcd57a0861c84d60e648e7e979ce369be117cba4202f01903591c39f8010,India,2020-12-20,1999-09-22
277,timander277,tim277@icloud.com,a09408c318a89ec0fdf51f65695fd54ab37e2ec0341bf46796699206d84a8c2e,Israel,2020-08-22,1996-07-25
278,richmaino278,richarlison278@hotmail.com,57edc91932685bea5e80454ffed6883ddc5284abe9fbf6ef94ffd25db3fe95d9,Belgium,2022-06-30,1977-11-26
279,alejakanj279,alejandro279@gmail.com,604610bbf73b0ffda8823c191e14a5aa9d917f27e79646adad5fe6abec06dfb6,Belgium,2023-05-06,1986-12-31
280,billgabri280,billy280@icloud.com,8211bab381ee90e85ea7cb805c0823045655b8d5a4bd151a4d548dd0e1f456ae,France,2020-07-04,1979-10-06
281,giuslopez281,giuseppe281@protonmail.com,cbb2ecdfe299f5f0415289c5ffe7fe643817c8eefb3fd63ba6cf956088841b4e,England,2020-10-27,1999-08-24
282,liamevans282,liam282@protonmail.com,63d59af81fd7b892efceede0021f888b0903eee6ce087aefcc55ea01681fdd41,Chile,2022-03-09,1997-08-12
283,ousmevans283,ousmane283@yahoo.com,fdc46c32a43badf0a7d745961286f6a7c9dea1b756a33c154c13baf080fd83be,Japan,2021-10-10,1983-06-12
284,kyliperez284,kylian284@icloud.com,d522e7fda6a93a4f5b06d3ac3a07dc62bcab7a14a037eac4ff0761ea802b1128,Sweden,2022-06-09,2002-03-14
285,wilfthoma285,wilfried285@protonmail.com,f57037bc76e38fbe0ce8f1e7b625c6772f29899cadcf2e8f83b0f2d2974f9999,England,2023-06-06,1992-11-23
286,ibrawhite286,ibrahima286@hotmail.com,f015dea22a61656bcad88817ac94c79cc584e9a3eb92679654a8ec0b313dac90,France,2022-01-26,1994-08-15
287,charsmith287,charlie287@icloud.com,f2b9d4bacd8818290e7a2f2afe39661c8bc01912ee4847c5c4192c904f431bf8,Poland,2020-08-12,1982-08-29
288,geormount288,george288@outlook.com,fb0d3323acd5ef0a2e324caaffc9713a1f93acfd2df9aa5b78efdf866d8c1784,Turkey,2023-07-04,1984-04-09
289,natheders289,nathan289@outlook.com,23862cedf3218058b7751797908689fb86ff94628ca036152f3f15d84df9ee5b,Romania,2022-06-10,1994-06-15
290,jordsanch290,jordan290@yahoo.com,fffb416d11d91388723058e9c86286495e91ba4916f8412f8498e80fe86eb2b7,Morocco,2020-10-11,1978-06-11
291,rafadias291,rafael291@hotmail.com,2fa49bb0226df84ff91dfdb618df3c565f8ce84680162bd33ffcb0ee1f96b6fb,Nigeria,2020-11-11,1982-12-10
292,timwhite292,tim292@yahoo.com,c568c3a8e63d1fca44a7027c26d5a2406162dd7c5cb6a17602d318d72c112919,England,2020-05-26,1999-02-01
293,harrlee293,harry293@icloud.com,6ae87bd086134c52598046c095bfb51fec8e318f5c5bd123cf223e297efd158e,Israel,2022-06-13,1976-02-03
294,oscalopez294,oscar294@icloud.com,7a1fbbdbe060133d3928ed96fecf838713ee2f16420548042205f0ae6a74a26d,Nigeria,2022-07-22,2001-03-12
295,gabrdoku295,gabriel295@protonmail.com,581094cbfb8e1ad672fa75168d87ae095001e012970b3702c3bd44139acc7b72,Canada,2022-07-19,1992-11-07
296,robeburn296,roberto296@outlook.com,82fce0187a3e5ffa81435ce792c0fdf51f1815f3c1bf384b63d0d91a198da7f0,Romania,2021-12-28,1980-02-16
297,marcdoku297,marcus297@protonmail.com,1d7d6777db845aa0b17e7aae6efd5c71202e611c85404204231ea7114f708643,England,2023-03-29,1992-05-06
298,lucadouco298,luca298@yahoo.com,85c250284cabe3804091aa6567e5d65300a5f2b8a19de54eabd8bf58b43da412,Greece,2021-07-05,1988-06-06
299,carllongs299,carlos299@hotmail.com,42768940272c604fc44bbb8194de21ee34e43fc0f11baad44cc14f28c37cad16,Germany,2020-03-18,1995-06-27
300,antoholga300,antoine300@hotmail.com,5b10744a73af1b83d9775affbbb07ed933a4b354503f74922f10688be4d31da1,Portugal,2023-04-03,1991-08-08
301,lauttaylo301,lautaro301@yahoo.com,7c1da156dba0041e4fe06e19e8d20c3cc2f2eb4eaefea6b0a3755e2d2e6e42c4,Ukraine,2021-07-26,1990-11-09
302,alextaylo302,alex302@protonmail.com,2f5f2d1dc4a6cd6a18db51502f27592b6b8fe6b1e98ebfd9e988e825b19490a7,Netherlands,2021-05-17,1991-03-12
303,leonbrant303,leon303@icloud.com,70546d018e64989c60a006910e9a7993477a75334cd8155df66c603bde7d8060,Italy,2023-07-21,1994-03-10
304,mattwillo304,matteo304@hotmail.com,8568754bcd360928cb6aa419fa31bfb4a30952fe859330b425f6c57b9c25f285,France,2021-12-04,1993-12-31
305,santjohns305,santiago305@outlook.com,6ef24f34f722b68752c12695ac16e9d4ee10daca2168350bab4e7d5dc48d4e64,Egypt,2022-11-15,1991-01-18
306,ousmdouco306,ousmane306@hotmail.com,33628755d1e28fd7910dad4fe28abb43fc9e557be26c0a77583430bfed73dc88,Nigeria,2021-12-23,1983-03-21
307,casede br307,casemiro307@gmail.com,be3ef59dd596853bd251eacbc96bf2d2c7b336d5d0318ae3892153735570ea50,Sweden,2023-02-28,1981-09-07
308,jacopedro308,jacob308@outlook.com,4ce0713b34deba53d670b6f5ef96e8cdcfd5923b8adedf5fd1816fc02fca82f5,USA,2023-03-19,1972-04-25
309,joshgordo309,josh309@icloud.com,9885d2b41342e711b12ab4d8285a90dbadfdcbfd10cee6cf7d897e97cd7f1c66,Spain,2021-08-10,1991-09-30
310,oscawhite310,oscar310@protonmail.com,972d9db21c297e00213f78ef312f4e47f171c47a5dbec0a0e3ef81c8292fa1a1,Italy,2021-07-23,1981-04-22
311,lucamurph311,lucas311@hotmail.com,1f9513e43691f1c341849685b3dc58b8f2e112be36cf5b58fa03881ce880824d,Colombia,2021-06-10,1970-08-21
312,bernjacks312,bernardo312@protonmail.com,9341a8cd253380b24c91795d8daf6c0900291555e476fa2f45ff7ee85b18e75a,Canada,2023-04-26,1976-10-12
313,joshevans313,josh313@hotmail.com,8b849f340a27edf9a18953cdb99831aa53756e5a4bf355d4f1f5c4876e492632,Canada,2021-06-19,2001-06-08
314,aaroramsd314,aaron314@yahoo.com,8fad02044ec418ae363e11f85e4db3036ab375b076a9d4297ccd91698c110096,Ukraine,2020-03-08,1985-05-19
315,oscalee315,oscar315@protonmail.com,e27c18b3cca1845293da1fd4e81ba5bffc70c425228b994f645ac83c6592f2f3,Argentina,2022-10-12,1988-07-10
316,goncdias316,goncalo316@yahoo.com,943599b079b70cf23a8128f7b6116e91a18a6246de1857308fd2b3e8eb3d89fd,South Africa,2023-07-29,1977-07-03
317,decllongs317,declan317@icloud.com,e44ea6050f4dd7bd83c9088be7d9a6d76040a1f72d6c3db429ed21b1b4fdb5c4,Poland,2020-04-21,1998-10-23
318,kevitarko318,kevin318@gmail.com,41504d681906933b1ed9d307672042eb55bec836bb63578f2b0faa262116fd71,France,2020-12-09,1990-10-25
319,ibragarna319,ibrahima319@hotmail.com,fd813c828e589c62b671a552425984b40f6751e1f2e2f74f8f77ac5940765901,Morocco,2022-12-26,1980-06-25
320,domilewis320,dominic320@icloud.com,0b55297caa360136ee1699bf3a98cfc630612d61f352a03a394844c9d43e0dc7,Romania,2022-08-29,1981-10-12
321,thomtimbe321,thomas321@outlook.com,ccd1171d4f37e71d22093a5fe5eddd68b74d70c2c83d892907c9e2e80abd6745,England,2021-08-14,1990-02-18
322,domibobb322,dominic322@hotmail.com,69d87c625a7b032fd38bce3c7d1b0dd23414aea4607cc3fa425fb6292a3067e4,Ukraine,2020-03-25,1974-05-15
323,fernneto323,fernando323@hotmail.com,f63da1e9a65a3ed3a541c6a1d121b000c9ef3905ba87039482b4da8a16b6daf1,Ghana,2023-06-04,1999-04-02
324,philthiag324,phil324@hotmail.com,faaf900fac7331964b120cba8e726e62ddadb32816cb6ed9bf1e44262879126d,Colombia,2020-07-20,1981-06-15
325,daniwillo325,daniel325@outlook.com,fc44c69a335699ba11ea85f0646380f06845b4181ec5ba879512b7a14be6d5bc,Egypt,2021-05-10,2002-12-09
326,kennander326,kenny326@yahoo.com,74ddd54f854496cf3c6f6830966ab93614fb0ff1d30a330c8b5253ec5a893dc1,Ukraine,2021-11-22,2000-05-26
327,lautwalke327,lautaro327@hotmail.com,9f8615dc4f2806a304d91f2265e7da6e3d6810072af6ef02275cd083b64bc878,England,2020-01-18,1973-01-18
328,olivgvard328,oliver328@gmail.com,bda9a49054294b4ae1e773c259401dd0b951ad187fc848ecbe1fd7d108e4ef11,Ukraine,2020-07-31,2000-10-01
329,curtjota329,curtis329@yahoo.com,9534aa40ad978c89f37e08f9bee0916b1cc427e9236eebddf83810043e43e09d,Chile,2021-05-30,1978-08-30
330,jackbrown330,jack330@protonmail.com,e538fd3a9758fbc04336cc3404158d41178b93238926b31af21debde299f8ca7,Netherlands,2020-04-26,1996-08-26
331,joshcruz331,josh331@yahoo.com,db8bfe8de6165e1c93ecc9a5433c9d2724f5829e8eb1947725018a3ae595c917,Portugal,2020-09-02,1973-11-16
332,gabrwhite332,gabriel332@outlook.com,693b05d40bbe845ce0453d5198bcc305545a984fc83183a1278f9058e62007f3,Canada,2020-08-15,2001-03-16
333,marcson333,marcus333@hotmail.com,e1a31b3f1e1289ebad0ee025df3e27d6ea32787e422dd7abc1ac6da669fa5525,Egypt,2020-06-04,1998-08-27
334,stefmaddi334,stefan334@outlook.com,2ea78d71374e6ed01143dc389b17719cb9b188d53500167944df2ce7adebb243,Norway,2021-06-11,1977-04-07
335,santander335,santiago335@hotmail.com,fd241f1f7fb5f20de846e628b04fc20f855b03c1d33902f58c62ad411199be07,France,2022-02-22,1987-06-07
336,ivandavis336,ivan336@hotmail.com,c23ddd0df7d06035bacb42d519c6196fd1d6d03a2e342a541ec707ac2155ba4a,Mexico,2020-12-30,1989-10-06
337,alfiramsd337,alfie337@yahoo.com,4010bfa3a299e79279f217b2fe2d894c60bb19ef218f08109398e1c9b15a59be,Turkey,2020-12-31,1998-12-15
338,mousmarti338,moussa338@yahoo.com,521c84b225a21a5ec46e0f4319d6e31ebb1c521bdc42ed014ddea654266c496a,Russia,2022-06-02,1979-10-19
339,emilonana339,emiliano339@gmail.com,4d451fa6950695a72c99150bf2416083879f51efe7555e911633650bf96aa443,South Africa,2021-06-14,1974-08-20
340,jackander340,jack340@gmail.com,daceb54f444374fe3b7ab697d7747fd20890201e52dfdf9a4c1dcc2fa37e24a5,Mexico,2022-07-02,1970-11-04
341,sergsalah341,serge341@icloud.com,c4400744539bae4dbb6ba6b12828650ecaa2bc34ff5f5d0282377821a9960a66,England,2020-03-18,1999-10-24
342,darwtripp342,darwin342@yahoo.com,ad5a3371ecbcb1a0894fba8e9aee3f36268e30e28b74bcc004a966057443c51f,Denmark,2022-03-12,1995-10-11
343,jametross343,james343@icloud.com,4b840be45e07a220867fdad6d6c6d3c1957bcab040901e78fb5a69f39c1e783a,Israel,2022-09-06,1989-07-24
344,ibradouco344,ibrahima344@gmail.com,71c8c14d85e764b06b2f9d9746b3df304994d79abcb31b3aac2124523478a9fb,Russia,2021-04-07,1970-02-24
345,darwpickf345,darwin345@outlook.com,f85ef067f566b73133dfb2c601333e117e443de37ca67be65b1ee98efc74a1bc,Portugal,2023-03-07,1994-01-05
346,patrthiag346,patrick346@icloud.com,72eaed3f297c6eae7285fe475ce4bc80a16ad403dc0ad09dc68622c07b9f6298,Sweden,2022-03-31,1972-06-23
347,leononana347,leon347@gmail.com,097d5f2264069f1cbd6b47a0f57ef3e7f456b69e8a35d52b4da82a51084336e3,Czech Republic,2022-12-30,1985-04-03
348,oscadalot348,oscar348@hotmail.com,969204b67a8ba79836b8cb86490ec20e38af94720470a938b7fca068d713bd5c,Australia,2020-12-27,1994-11-15
349,noahdias349,noah349@icloud.com,66a82f63437b8ad934131999a7ac53a2262d483072852bd83c68d33dfb8a9102,Australia,2021-09-04,2001-03-20
350,darwmarti350,darwin350@icloud.com,ab46b30a2ef2adac67d00976c66af41f96b87e5b3c828c2943b085ec61a86493,Poland,2022-09-23,1973-10-22
351,leonlinde351,leon351@icloud.com,485233547427261b1de86a1fad2453636a9eee5375568cfa110778de9d5d6f0f,Australia,2020-10-13,1971-08-08
352,rahebrown352,raheem352@icloud.com,954ed3d2f55fe986b4180af2ee86b02542efdb581edc775f441bec7ec0919ba1,India,2022-09-28,1987-06-10
353,alfiperez353,alfie353@protonmail.com,34638e08215c7d4d99d24ef266a1a61ab0213c2dc95cf5d37e5a8983f9d72d88,Sweden,2022-10-20,1993-12-14
354,marcramir354,marco354@outlook.com,391e1587bb6072bf3f31dbb9cc9ce9d48fba7923c898084cdbfa1b3d51263ac2,Spain,2020-03-16,1985-03-21
355,jacoellio355,jacob355@icloud.com,1da1b02c93bb33114eaa188c51796d36180bcee0fd73931340fb2e16ccb400ad,Germany,2022-04-10,1975-04-21
356,jordramir356,jordan356@icloud.com,056e99f573f8bd90cb14cdcef7bec37ba18c629b987ddb72a97293210edde593,Ukraine,2022-07-27,2000-06-01
357,fernsalah357,fernando357@icloud.com,f67782a9363695e6c69bcc4a3cd1b57d84c15c70f8cf8c2c3db6ee5bced219d0,South Korea,2020-05-27,1971-08-28
358,bernlee358,bernardo358@outlook.com,fac679a9e13fc9e426df1f8e104c14de6fcd9c560df911bdcfba787fbcecdccf,Spain,2022-08-23,1997-09-27
359,noahkane359,noah359@icloud.com,13e08dc75a862749323492aad42a13d6417e93e896e9aeddd2145f0aea0884cf,Brazil,2020-01-30,1977-09-23
360,leonmille360,leon360@hotmail.com,9d7f8d35c5ee8f34962f69aa493373dfdb1d3ae323a5f64cfc8115bbdad49a47,Belgium,2022-07-23,1997-06-02
361,adamcruz361,adam361@protonmail.com,9a45863848e535a454c673a82fa9f5392291e2cbb52bd5e73c319db8f0474dc1,Italy,2020-08-05,1975-02-14
362,sergguima362,serge362@protonmail.com,c03f6dc273083d00331d1e7b418a86c9e5a89ed86d605062702e6ed01d3c5b4c,South Korea,2020-05-09,1979-02-03
363,robeellio363,roberto363@icloud.com,d6256722e5569a59b4958e96a1c3f9525d60e825dfaebe74d52105fd5dcbb98f,Turkey,2021-10-26,1975-06-03
364,aleklongs364,aleksandar364@protonmail.com,dfe6deb1fb251519de107efcca3bca56b05caef97efb7e110a5664e6499ba2db,Brazil,2021-10-20,1979-07-26
365,renagarci365,renato365@protonmail.com,e6042181c11a026edbc08355aebbd0e53feb23c65dbd8a050c97fc9758946f40,Canada,2021-11-18,1972-11-01
366,masomaddi366,mason366@yahoo.com,c0a61858d6c66f4cfb1ef5d642ebdf2bf71e9d89f2977800e2c33648654f2149,Nigeria,2020-12-10,2001-03-27
367,papeburn367,pape367@yahoo.com,e3729d2696d7f8b6d9067e197b99ebed55606d1668bf4a232e46aad304b258c6,South Africa,2021-05-13,1996-02-09
368,noahlopez368,noah368@gmail.com,2682b9bf24787c21c28f954b0a855813b3a3b77a222acac1df6c829d53258fa8,Romania,2020-11-19,1970-09-14
369,moustaylo369,moussa369@gmail.com,b0a6dbf955a6c7dcd99dd811e3c82d7ea9cf48c6f4b40dcdf2d55c280172455e,England,2021-01-02,1973-12-31
370,chrivaran370,christopher370@protonmail.com,d4fb7b68e59b28f13740f910d51a98ca2d9868b450d7b63fd6331c0d4f924952,Chile,2022-05-02,2001-02-09
371,antoperez371,antonio371@outlook.com,f6afab103b0c1227490aacab1f292d03ed020285edf71ba6409351cf94b73042,Brazil,2021-02-26,1976-06-02
372,ebertripp372,eberechi372@protonmail.com,d76f6fd823c2f0698fbdc28717241738e1f2825fe9d647fec17f2b5470e58772,South Africa,2022-04-23,1980-09-24
373,kaimurph373,kai373@icloud.com,92922d857c92ad9d39519abec99ce1bb52058ef003f0b0448b28bde3fd81d3ca,Germany,2023-05-06,1978-01-28
374,nathgabri374,nathan374@protonmail.com,72cd66491fa3b3f1b4bb736425c96b667f60140f70cc264995cc16da3a0555e8,Netherlands,2023-07-08,1983-07-06
375,wilfgreal375,wilfried375@gmail.com,6ac21e83a0b02d176499135485db7c81eb8d798fef29ff61ded57a994becf443,India,2021-01-28,1975-04-10
376,davimoore376,david376@protonmail.com,a663a7729bcbc8216d42025bde168e2f65df451a2586a23c11ea1dffc9a802c3,Czech Republic,2023-01-10,1992-10-07
377,kylemaino377,kyle377@icloud.com,e716c0321c7b1c033c1a689ed874c0b2752a3036ae7fb1b142a6407d4f837b73,Japan,2021-07-20,1972-05-19
378,rahejacks378,raheem378@yahoo.com,8d8845e942a896f494e8d2ae77dcbaea01a84cdadfa0fecb1dab084e7933ce08,Morocco,2022-10-15,1977-11-28
379,mohamcate379,mohammed379@gmail.com,9c0bf580e01301a54eee662366a06114dbd9a86bb63478b3679fd48dd8b3b099,France,2022-01-15,1982-10-15
380,declfoden380,declan380@hotmail.com,83c48a956c9c586ff4365db6ff667523c1972ab75959645530f1ffd58af20526,Denmark,2023-06-17,1990-04-30
381,noahmarti381,noah381@icloud.com,e531bb67fe13d75705077496fa63fee5449125b002cd911b068804b585fb5095,France,2023-01-05,1977-11-21
382,mohagonza382,mohammed382@gmail.com,8ca268d1cf11fac0aaf5d74a45322e7979c46faa27974c058a1d9c67a4055b3a,Israel,2022-11-20,1975-03-17
383,fredmount383,freddie383@icloud.com,91a0e080be8c9ea86b3609118d0165f7ec34482757dae2ac716728bc7fbde8d3,South Africa,2023-04-28,1996-01-03
384,billgreal384,billy384@yahoo.com,239d38f9107260844633594a834b9d554d34e590e5100d16baf75f74d5e8296b,Norway,2021-04-16,1974-12-10
385,billsterl385,billy385@gmail.com,dba423e86c3d5799fbb014115ff8ffbb64aa76142e98753b7654f19e6e9aa382,India,2022-04-24,1978-12-21
386,domirice386,dominic386@gmail.com,52969a5773f15d4265a2f15553b29f64617c0a95cc6463a6a5370665a22ec15b,Morocco,2023-04-13,1991-09-24
387,charfoden387,charlie387@yahoo.com,8c02b4cc69e4b5b022e258fdd72bf78bf466da0143231464c88374ca666d30b0,Japan,2023-06-02,1990-05-30
388,kaidias388,kai388@hotmail.com,30dba6018fc13eca05dd9ca6ae0a34c357f776f224439994a286a80b92d660ce,Brazil,2022-07-26,2002-04-16
389,rahepedro389,raheem389@hotmail.com,0b8e00f13e601d54765931228b063b8a13d6e59389c85ebdc88752f070ea4b22,Colombia,2021-02-18,1985-01-25
390,lucajones390,lucas390@icloud.com,549fa1579367231c1fccd34cb45327176849a39970258971c4596ae3fc5e4e84,France,2021-07-28,1976-02-15
391,ethamaino391,ethan391@outlook.com,f8e5460e905d5cb6f58d3d8b29c3f9f10a5f54d25ecafabef97a106eb1816fce,Nigeria,2020-12-16,1985-05-31
392,kylegordo392,kyle392@protonmail.com,db24db92b6d21a1a880d31779c601995a8540bede56cd2fcfba53996c4a05ea1,USA,2023-07-30,1997-06-07
393,adamlongs393,adam393@protonmail.com,15931dfcb0662fda068950eb5ba7eca07e73ff504f2b6cda862d9425725eccf3,South Korea,2020-06-26,1988-06-20
394,alexramsd394,alex394@yahoo.com,713566cf6b2610996b596bb56356168fe0f056b912147653eb94a390cb62ba24,Morocco,2022-08-05,1982-07-10
395,olivdouco395,oliver395@outlook.com,6af158e543a47e5b7d4989a00949c6e7aedbee1b0762fd0283ee2d6b74cb49d9,India,2021-05-22,1984-09-06
396,conowillo396,conor396@yahoo.com,883573d85c3d36be12f0e4dd5f2b0c5588a5510dad9383bccffd21d4c485e8ae,Argentina,2023-03-20,1970-03-25
397,luisgarci397,luis397@gmail.com,9a5c4f413e1e2a5d681ce138705f3a581f1354901222f3eaaf46dc205f9d33b4,Morocco,2022-10-29,1971-07-05
398,robetimbe398,roberto398@outlook.com,f7f324b0ee117fd5859914850cca4983f2378076b09f61d36fed5ab4106c0f32,Morocco,2020-07-19,1990-04-18
399,sergmount399,serge399@gmail.com,85843a4a4ad5ad4fb5f7ab9e5dcb399cca6f9fa7e2a9410f461312289e3c0295,England,2022-04-12,1979-10-12
400,lucanunez400,lucas400@hotmail.com,3d36599632d7375a515c86d56b7b3aac654afc6703a0bd424eae4d91eaa9fa61,India,2020-07-04,1970-09-18
401,antomcate401,antoine401@hotmail.com,057655089fc657df0f7535e53a644d085bdc101afcf99b2c77a525004e32f141,USA,2022-07-29,1995-08-03
402,rubewillo402,ruben402@gmail.com,cfe81a5bc08738c0265d15271a9c82fabc1c5ef6ab60bb50b004701aa8adaacb,Egypt,2022-08-07,1976-03-21
403,chriakanj403,christopher403@yahoo.com,d89f71f11cafea892122dc5fcc86b0bf7e68b3100ea20174fc91f9b5b7a7f582,Czech Republic,2023-07-07,1990-10-30
404,chrineto404,christopher404@gmail.com,3863e14746af55df9676ed1d03a4806075543abfbe60e9a5d84447f46c8e17f1,Italy,2022-02-27,2000-12-26
405,ivantimbe405,ivan405@gmail.com,345ced4aba66703930b31a9c3cec0e96ad4bac30ca2ccf4d27339e153526b68b,Chile,2022-05-22,1982-02-07
406,julimurph406,julian406@protonmail.com,7a12c8d6e5c4c150b7efec594dc348f0041530549beda597fedda7211981ee12,Japan,2020-06-14,1997-10-31
407,ivanbrant407,ivan407@gmail.com,ca76cd2cfc3e3f2ed078a317f6f975352eaea6818b350a219395b9d8af1eb785,Greece,2022-01-15,1972-04-24
408,ethadias408,ethan408@hotmail.com,ab3837f44e8c5a03daf5b1d41c43917e1201feb925c7521fd8dcb713f59fa4fd,Egypt,2023-06-21,1971-11-01
409,nicogomez409,nicolas409@yahoo.com,26d0491cf6f576b81a132b49412e7e4d354b27ad1bef93376e42c63cb716038d,Italy,2023-02-22,2001-10-26
410,santsaka410,santiago410@yahoo.com,51d396b478ffe151af7b552b4fa1d68758b8d84aca79a3ef11086c04448827ee,Denmark,2021-05-03,1994-03-17
411,ethavaran411,ethan411@outlook.com,c5c8dcd98208b863e2b0c20745b286320d59d08b4d7c3c7b1d659d1c04c647c8,Japan,2021-04-06,1984-05-17
412,patrtripp412,patrick412@protonmail.com,b495c4e32f72f3a3fcfc213d177a65e8e6a5f130bfef10dfb816f7e37a0b7f7b,Ghana,2021-07-21,1972-06-11
413,alfikonat413,alfie413@hotmail.com,9b596fe2b0c1dc6588c79a131c53ade003ca689c522da79836ddf9905d584f35,South Africa,2022-09-22,1992-06-29
414,davicruz414,david414@gmail.com,f159020eece9d5f927b804b0fcd773106a4a3dac7f3384ee660a9506d1280f5b,Morocco,2022-12-25,2000-06-05
415,fransalib415,francesco415@hotmail.com,8fdc28df11472ea6aeadb47021213b13529e47157407109a8565ee00beaf6a8a,South Africa,2023-06-25,1986-07-07
416,mattbobb416,matteo416@icloud.com,3606e9fa082a1cbfe2917bb30740c1d065854f481beee3fe572c3455c98c567c,Italy,2021-01-20,1990-07-16
417,archtaylo417,archie417@outlook.com,fdba964c387705981bc8f3e1dc6d89ce34edcdff4eb5b2c1b134b8822900b3f0,Canada,2021-08-13,1973-06-14
418,leode br418,leo418@hotmail.com,8a1aff8091f01a588cc8ed9a2eb3fe6f8a4a48ad7a2fe9855d1d457f991d6432,Portugal,2020-10-30,1992-04-06
419,liamsaka419,liam419@protonmail.com,2c0df81c6682702a1a6b95457281008c3bfc05a043956dc4318910a1a2d0ff2b,Spain,2021-08-23,1988-09-07
420,alekpope420,aleksandar420@yahoo.com,6f4d81fa1f92ad3f4f7b20f9fa435fe71dfc195ad39cebdbe0f500c78a81ff57,Morocco,2021-12-11,1988-11-05
421,harvbrant421,harvey421@icloud.com,59800c82425e2089af8f13c23d66de60e54c77821ef0c4b7b6a6744f8a6659ea,Spain,2021-08-20,1978-06-25
422,alfiwilli422,alfie422@yahoo.com,58e9dc16803d62297121ddd0231e5b0d6d2224db9f7b9613cebe941ad619dca2,Ukraine,2021-11-18,1988-06-20
423,sadiellio423,sadio423@icloud.com,a16679b1b02db3fdd5e62679fc788eb2eb60ad9e10c5c08a201494ffc4267713,Norway,2022-09-22,1996-08-13
424,timkeane424,tim424@protonmail.com,bcbb6369a100a10f1bfd7542a53897fef24283f67f0ce04e98421fedf72a7789,South Africa,2022-07-26,1983-08-23
425,kyliwhite425,kylian425@hotmail.com,064cf3aba0db22b6dd2d34698a963333e4418342047b3be008cbfc9ea6d5c72c,USA,2021-06-16,1980-03-04
426,antokonat426,antoine426@hotmail.com,3123a7df514437b57f14bf16f872277ea95c1990b2ddfd9f06634e737dd9d327,France,2020-10-30,1985-11-03
427,brundalot427,bruno427@yahoo.com,e7baa11355e5aea15c2fc0dc27a2905bd6e5e764684bbdbf73b5efb0292fb6a1,USA,2023-01-01,1982-10-18
428,marcsilva428,marcus428@icloud.com,da8124ac97601cda80c7ac562dcd94f58bf334c2206791516a5c32c1009c182e,Argentina,2020-11-26,1980-09-02
429,ethagarci429,ethan429@hotmail.com,ca6cab437ca47e449251b8b63c758119db508f376dbff9c9cecaf472e1a7b325,Brazil,2022-06-21,1981-09-06
430,papewalke430,pape430@yahoo.com,010521e8c5cf5798c7db9ca8361abd79c1052cc6bded87583a87a9fc03c59f31,Germany,2021-10-11,1985-06-04
431,thomkonat431,thomas431@outlook.com,1b843b5f7d6467ddd9cc7f4bfe0e36f5f741171500d576a4d7e24c9ad9cd6687,Russia,2020-11-28,1993-12-09
432,rasmthomp432,rasmus432@gmail.com,71b009a193ac7446c83138fd62148b64fc58db32a36644e233f6d391db495601,Turkey,2022-10-19,1976-07-09
433,stefrober433,stefan433@yahoo.com,7fce4d24c3d114d5232590dd5fdffa0d2148151451f94b1ef05631a5c3ddcb2c,England,2023-01-23,1992-10-05
434,ivanonana434,ivan434@icloud.com,5437391913fa799bd648333ac7c1e45d639dea444dd009db33436bed7e8cb9bb,Chile,2022-08-28,1983-01-01
435,joaolongs435,joao435@icloud.com,619a34d718603444a0c66e5e9917f5fdc2b966b1c459da2a16cb63556286f56d,Argentina,2023-03-03,2002-09-06
436,harvellio436,harvey436@icloud.com,4cfde3d7a62d3624d4cc81777b1588f6a352c654c635a4852b5931016a665300,Portugal,2022-09-07,1971-10-19
437,willbobb437,william437@protonmail.com,cf7571f47fc5d3575bec71551902bbc17dd67151dbc0c54b9535f3211bf4cba7,Portugal,2021-09-22,1971-02-11
438,ibraalmir438,ibrahima438@yahoo.com,a70b4f45c6cd4707aa5317f1564635736876b1716f32cb6e52f437eb25836b8a,South Africa,2022-01-01,1974-02-24
439,billdavis439,billy439@protonmail.com,24ddbce518905f070e6e1df19dcda8c6a98588e77eb0b9afe7d8c9726d3a6772,Australia,2023-04-09,1993-08-13
440,kylegonza440,kyle440@hotmail.com,1bb23cc05c7fc6ef92281577d34409a3b55334d0a2951f546ea4abf1f4f673a4,Australia,2020-02-16,1973-10-01
441,fernevans441,fernando441@icloud.com,dae6e6f21012dd441a99df471795f7e125989cd62cc90b5497d8090b5a3f3374,Netherlands,2022-11-14,1987-09-11
442,raheramsd442,raheem442@hotmail.com,73626deae7e47f7e153d202f661c4e65aaafbb63957239dc900fd54b03aadef6,Greece,2020-04-24,1999-11-29
443,nicostone443,nicolas443@yahoo.com,879ef94a560698408fd70c87b206b2e731e13b4563a04e64a30f2e5aa75f203f,Ghana,2022-01-27,1987-04-28
444,papejohns444,pape444@hotmail.com,47760073633916fa32e117231181eb1a531d8a07ba29ef92210e2fe7b510040a,Poland,2021-12-20,1983-10-27
445,curtbotma445,curtis445@gmail.com,86622f20472adde29f6e832f8fd508785d0b2a0cb4570e4d92f6e3fab1e8dc99,Japan,2022-06-28,1988-08-23
446,mattlinde446,matteo446@hotmail.com,05918676050d1221aa44b7346332abe7e70b3292ed9245cdc2c9a1e45dd7f913,USA,2022-05-18,2002-09-07
447,luislopez447,luis447@protonmail.com,4dd928f4ea07c2ccc890943df795d01ad1c17bc74e34059b0228c902fb7c6582,Netherlands,2020-10-21,1979-04-28
448,rasmgarna448,rasmus448@protonmail.com,d74bb837ffd49b1521b86ca16a559bdd8a944471d09bafa3f73df06f471d3430,Denmark,2020-05-15,1996-06-30
449,joaoeders449,joao449@gmail.com,e8bc91a74273bd16583da8ffa4cf28476adaacd2cc168933eb6a040642c7dbdf,England,2022-04-18,1998-08-28
450,philgreal450,phil450@yahoo.com,b6626d4bd651ca77921067848d88dbdec75b77fb60edae91bc672059fb14cbb1,Egypt,2023-03-09,1976-02-22
451,bukawalke451,bukayo451@outlook.com,e481fef5c09545dc1b038104ca8ea9be843461895752210efa8fdd794aa43dab,Chile,2023-02-08,1992-01-03
452,noahflore452,noah452@hotmail.com,405ca6ceb0c7085bbba5a4cff993c80755ea87bd40ab5ac53a376842dff966cf,Sweden,2022-10-08,1995-02-02
453,bernmaino453,bernardo453@yahoo.com,600fb8527aa2ff75eaf8100c206892f9545f807dbaaeffb80f94e0f499cc1d4c,Spain,2020-01-06,1976-11-28
454,kevibarne454,kevin454@icloud.com,b0b2b25992d3150b46ca978af0f43630b975aabc09c42c709317e9ddbffd8306,Morocco,2020-09-11,1999-05-01
455,timisak455,tim455@outlook.com,6311956a1ae3e3207a67382fc24ad8ac6b1a4ec47395d624a677a2b8d00b431d,Canada,2022-10-04,2000-11-08
456,michkane456,michael456@gmail.com,2e7e901355a124468183da32b6057b2c742727069c784a9a9d5fc90532f0c20b,Portugal,2021-07-21,1992-02-13
457,alfiguima457,alfie457@icloud.com,d8241f35f1e42035cccd1fad1cdeb6eb6b25f8add85df43c873552633b8e8f32,Czech Republic,2023-04-05,1991-07-22
458,kylifoden458,kylian458@hotmail.com,fdcbfe0fd0123bb6dc66fc74365896e487fe6ee1783f1b02ea4c8b635103edf2,Morocco,2020-09-01,1986-09-28
459,pedrdouco459,pedro459@protonmail.com,a623b1c656fa6e5b037268724566175a8bc74688bc36e4a3b57825c3a002b2ae,Spain,2021-06-15,1977-04-22
460,sadidavis460,sadio460@yahoo.com,560c7ca6922baed566b0baabad6cff113ac18fcdf12ca63df8c47cbde93b0b5f,Norway,2022-08-02,2001-02-05
461,willnunez461,william461@yahoo.com,1ee4008f02d4248c84a2a48632a0f498da57eddf0cd82982a9e2057c53e9ab3d,France,2021-07-12,1986-03-15
462,luisneto462,luis462@hotmail.com,467fa02260e049c94819ab511898ba24c53be23dc51239a6723b1022592bb85b,France,2021-08-16,1983-01-31
463,davineto463,david463@gmail.com,400376dc5fcfcf22887b107be7f174a18486c63d50c1d424388debfed94b6d1a,Greece,2021-01-31,1998-03-04
464,marcrodri464,marcus464@gmail.com,56ed8ced2800fb5c1abd95c7d2032e2493e1fe51883ea394df39cb5b286365be,USA,2023-01-18,1984-06-21
465,callflore465,callum465@icloud.com,82ab3c329533eed55ae7de8e79ad0fa3e2fe905890a6cc36f5fc8b4d26f51754,Sweden,2021-07-09,2000-09-30
466,julipickf466,julian466@hotmail.com,ff53ebf07943e7b25372ed12366dd9d140585bb1279f99768efecca28846da11,Belgium,2022-12-30,1996-01-08
467,patrflore467,patrick467@yahoo.com,94ea160fb76816f0c0796ecc8dd254d6c17640db6c3697dffe4f2635d12d28ad,England,2020-10-07,1993-03-30
468,brunkonat468,bruno468@outlook.com,ae5224590b01c94576173c0a5094795829296683e8907ad0d8861d82b737c123,Nigeria,2021-11-27,1977-04-25
469,leoodega469,leo469@yahoo.com,7d3afb885d2da1e710df6dc7047d9fc8de3cacf185bb5f0a694179310c4dc224,Greece,2021-03-28,1978-06-15
470,fedebotma470,federico470@protonmail.com,53ee063dbc8db5b8344e1c6da06d01de47452c561634ae3f7a61c7e6ad911b6f,Ukraine,2022-12-25,2001-12-18
471,migukeane471,miguel471@gmail.com,42e041083a71d6fac76aaf7554be04b436e221a56ec86cfb211500e337c28f5a,Nigeria,2022-08-01,1973-06-05
472,ethatorre472,ethan472@yahoo.com,822f9ece9113f0ebea24de49714953e9242708e88bff1eb0f7fb15e374336bc2,Spain,2022-09-09,1985-08-15
473,alejpickf473,alejandro473@hotmail.com,0726662d864023fd5b20f7b739c8be7b66d36e8f81152240b2fc804ca96b993f,Brazil,2022-06-24,1996-10-22
474,alexrodri474,alex474@hotmail.com,455f594e98f328c82dc4ba850f1be96d3f6cbe064eaef05e6476e049632308de,Canada,2021-09-15,1971-04-17
475,rubetorre475,ruben475@gmail.com,df2266ddf93c3841f62fdf956edd4770d2b5389e23e7d05b027c5c70aa976ceb,South Korea,2020-09-20,2001-02-21
476,thompickf476,thomas476@yahoo.com,60b87b6bc979e7ad23d0d1834695a147915d61ad1a80d7dd01244252c00d3639,Sweden,2020-09-13,1979-06-01
477,lucataylo477,lucas477@outlook.com,d55ddf051e0cff665fa9d038deb26dab8bc2791c332ab1ea6938848ea0b1ddd8,Portugal,2020-06-08,1970-11-05
478,santmctom478,santiago478@outlook.com,28509256502e09a65136d178d8a0e44fd8ef61c07af97c86b5cf33c55512bfe4,Germany,2021-02-06,1974-11-02
479,jackperez479,jack479@icloud.com,5d188b69618a75ec01227feec123f5d72f0d411060338eba78d8624c9646d3f3,Greece,2023-04-29,1972-08-29
480,andythomp480,andy480@hotmail.com,133e7ac55bf1f3fadee1583214e0886a3dbfc7d1a6fc3497a6d9ecf68070f939,Germany,2020-05-15,1983-07-14
481,timjohns481,tim481@gmail.com,e2b05724b070793b52ab2341b4c157d921ac89595994a56cdbb7e4b036f67512,Portugal,2023-05-17,1979-03-20
482,riyarashf482,riyad482@yahoo.com,f1052a2c4cffd59214e0edd2316955b38ed4177b42ce88eaf6d9d5b1f1350a67,Poland,2020-02-29,1974-01-27
483,thompatte483,thomas483@hotmail.com,b3c42e9d7c3c9b4ecb61f330bae1597a17763bbc828713ff4bb95ce82ddf598a,Poland,2021-12-22,1977-03-15
484,ismaherna484,ismaila484@icloud.com,fbad3219dee80f403daecf472a86a377b150d5de4e9764cdd224272c974f3b57,India,2022-10-31,1995-07-31
485,alfimoore485,alfie485@protonmail.com,3d39b71997128fe2268045cb1d47e431946c33b7bc662064e3950fe99c35b93b,England,2022-12-19,1979-09-26
486,nathferna486,nathan486@hotmail.com,04dc3276251dc640f73970e301f49ebe5cb0c05686e21399b7cc76126568d2af,USA,2023-01-05,1970-03-12
487,andrmoore487,andre487@yahoo.com,456420b23685190ccd9a6a3e29ff0379c45d32625b26cd8386bdf2c24eb4089c,Greece,2022-08-30,1986-06-10
488,juliander488,julian488@yahoo.com,232bbb025e01fa6a2cfe8bbea504ec973f8be887189ae23963e0988b4d145271,South Africa,2020-08-07,1978-02-11
489,marcnunez489,marco489@outlook.com,84aac60b53d5f41e44b8763d48509d7b72eaae09401cbdf3ffe9a4b1bce24de1,Ghana,2021-03-14,1993-01-25
490,trengvard490,trent490@gmail.com,726cb508c93f4f0335a621219ffdef3c03f7c4064393f82c9c30f4966ec140ed,Norway,2020-09-10,1990-11-25
491,ethahaver491,ethan491@yahoo.com,f1a2e36b978ab8fedf24c546563795420600c30dfb0fe3f0a2e163c22393fb14,Israel,2022-01-09,2001-08-12
492,brunbotma492,bruno492@icloud.com,a696632293ff4ca80d4f05bea418429c11f578e62601937971de395899d2d392,Germany,2020-06-17,1984-09-19
493,sergjacks493,serge493@outlook.com,b3d760c73ec298fae8262699501521a8c67bf4ae884ad9407255dcffb2a12daf,Chile,2022-07-24,1996-12-06
494,berndier494,bernardo494@icloud.com,58d89110a7a73673b97725aeb56c2f91826e4285292e9c9c28ca818f4b79d784,South Africa,2021-04-07,1994-11-06
495,ryangordo495,ryan495@outlook.com,7e581069ab366ce39af2af571437dc2997cb1731efc87291143de3d4313ecf97,Australia,2020-05-22,1991-05-04
496,kennkonat496,kenny496@yahoo.com,fc8bcb24428e2794546900fd32fe59466792fb6980a036ce0f773108a4c556dd,England,2022-10-03,2000-02-24
497,leostone497,leo497@outlook.com,224a0df5878d0665b25a8a4630a61c0a65c91f987147239afe43627c94651c9e,Ukraine,2020-06-23,1975-05-08
498,thomstone498,thomas498@outlook.com,a5ace0d0dd57f1215085bfe15abedc342951b0c5e0495fddea621ab2829bd95f,Belgium,2020-12-11,1972-11-26
499,nicorashf499,nicolas499@hotmail.com,05da7d248f6c4428e4902db06f3e5cf17b2015e8000e76d7fc11cc540e3bc5d8,Australia,2023-05-03,1988-02-19
500,masosterl500,mason500@outlook.com,1bdcd917e71ef38dc41c922f95bdbd81c213667f607566e478ccc9de6d1664a1,Israel,2021-07-24,2002-01-02
